date,sex,vaccination_status,entries,sumTotal,pop,inz_entries,inzsumTotal,geoRegion,type,type_variant,vaccine,data_completeness,version
202104,female,fully_vaccinated,0,0,8805,0,NA,CHFL,COVID19Death,vaccine,all,limited,2021-11-03_07-53-32
202104,female,partially_vaccinated,4,4,157562,2.54,NA,CHFL,COVID19Death,vaccine,all,limited,2021-11-03_07-53-32
202104,female,not_vaccinated,21,21,4221021,0.5,NA,CHFL,COVID19Death,vaccine,all,limited,2021-11-03_07-53-32
202104,female,unknown,58,58,NA,NA,NA,CHFL,COVID19Death,vaccine,all,limited,2021-11-03_07-53-32
202104,male,fully_vaccinated,0,0,6551,0,NA,CHFL,COVID19Death,vaccine,all,limited,2021-11-03_07-53-32
202104,male,partially_vaccinated,4,4,120137,3.33,NA,CHFL,COVID19Death,vaccine,all,limited,2021-11-03_07-53-32
202104,male,not_vaccinated,28,28,4195279,0.67,NA,CHFL,COVID19Death,vaccine,all,limited,2021-11-03_07-53-32
202104,male,unknown,54,54,NA,NA,NA,CHFL,COVID19Death,vaccine,all,limited,2021-11-03_07-53-32
202104,unknown,fully_vaccinated,0,0,0,NA,NA,CHFL,COVID19Death,vaccine,all,limited,2021-11-03_07-53-32
202104,unknown,partially_vaccinated,0,0,32,0,NA,CHFL,COVID19Death,vaccine,all,limited,2021-11-03_07-53-32
202104,unknown,not_vaccinated,0,0,NA,NA,NA,CHFL,COVID19Death,vaccine,all,limited,2021-11-03_07-53-32
202104,unknown,unknown,0,0,NA,NA,NA,CHFL,COVID19Death,vaccine,all,limited,2021-11-03_07-53-32
202105,female,fully_vaccinated,0,0,28206,0,NA,CHFL,COVID19Death,vaccine,all,limited,2021-11-03_07-53-32
202105,female,partially_vaccinated,8,12,175939,4.55,NA,CHFL,COVID19Death,vaccine,all,limited,2021-11-03_07-53-32
202105,female,not_vaccinated,28,49,4183243,0.67,NA,CHFL,COVID19Death,vaccine,all,limited,2021-11-03_07-53-32
202105,female,unknown,51,109,NA,NA,NA,CHFL,COVID19Death,vaccine,all,limited,2021-11-03_07-53-32
202105,male,fully_vaccinated,0,0,18636,0,NA,CHFL,COVID19Death,vaccine,all,limited,2021-11-03_07-53-32
202105,male,partially_vaccinated,4,8,138737,2.88,NA,CHFL,COVID19Death,vaccine,all,limited,2021-11-03_07-53-32
202105,male,not_vaccinated,29,57,4164594,0.7,NA,CHFL,COVID19Death,vaccine,all,limited,2021-11-03_07-53-32
202105,male,unknown,46,100,NA,NA,NA,CHFL,COVID19Death,vaccine,all,limited,2021-11-03_07-53-32
202105,unknown,fully_vaccinated,0,0,0,NA,NA,CHFL,COVID19Death,vaccine,all,limited,2021-11-03_07-53-32
202105,unknown,partially_vaccinated,0,0,40,0,NA,CHFL,COVID19Death,vaccine,all,limited,2021-11-03_07-53-32
202105,unknown,not_vaccinated,0,0,NA,NA,NA,CHFL,COVID19Death,vaccine,all,limited,2021-11-03_07-53-32
202105,unknown,unknown,0,0,NA,NA,NA,CHFL,COVID19Death,vaccine,all,limited,2021-11-03_07-53-32
202106,female,fully_vaccinated,1,1,60991,1.64,NA,CHFL,COVID19Death,vaccine,all,limited,2021-11-03_07-53-32
202106,female,partially_vaccinated,5,17,188698,2.65,NA,CHFL,COVID19Death,vaccine,all,limited,2021-11-03_07-53-32
202106,female,not_vaccinated,22,71,4137699,0.53,NA,CHFL,COVID19Death,vaccine,all,limited,2021-11-03_07-53-32
202106,female,unknown,26,135,NA,NA,NA,CHFL,COVID19Death,vaccine,all,limited,2021-11-03_07-53-32
202106,male,fully_vaccinated,0,0,42155,0,NA,CHFL,COVID19Death,vaccine,all,limited,2021-11-03_07-53-32
202106,male,partially_vaccinated,5,13,147301,3.39,NA,CHFL,COVID19Death,vaccine,all,limited,2021-11-03_07-53-32
202106,male,not_vaccinated,33,90,4132511,0.8,NA,CHFL,COVID19Death,vaccine,all,limited,2021-11-03_07-53-32
202106,male,unknown,37,137,NA,NA,NA,CHFL,COVID19Death,vaccine,all,limited,2021-11-03_07-53-32
202106,unknown,fully_vaccinated,0,0,4,0,NA,CHFL,COVID19Death,vaccine,all,limited,2021-11-03_07-53-32
202106,unknown,partially_vaccinated,0,0,53,0,NA,CHFL,COVID19Death,vaccine,all,limited,2021-11-03_07-53-32
202106,unknown,not_vaccinated,0,0,NA,NA,NA,CHFL,COVID19Death,vaccine,all,limited,2021-11-03_07-53-32
202106,unknown,unknown,0,0,NA,NA,NA,CHFL,COVID19Death,vaccine,all,limited,2021-11-03_07-53-32
202107,female,fully_vaccinated,0,1,100378,0,NA,CHFL,COVID19Death,vaccine,all,limited,2021-11-03_07-53-32
202107,female,partially_vaccinated,4,21,183125,2.18,NA,CHFL,COVID19Death,vaccine,all,limited,2021-11-03_07-53-32
202107,female,not_vaccinated,13,84,4103885,0.32,NA,CHFL,COVID19Death,vaccine,all,limited,2021-11-03_07-53-32
202107,female,unknown,28,163,NA,NA,NA,CHFL,COVID19Death,vaccine,all,limited,2021-11-03_07-53-32
202107,male,fully_vaccinated,0,0,75042,0,NA,CHFL,COVID19Death,vaccine,all,limited,2021-11-03_07-53-32
202107,male,partially_vaccinated,0,13,139272,0,NA,CHFL,COVID19Death,vaccine,all,limited,2021-11-03_07-53-32
202107,male,not_vaccinated,22,112,4107653,0.54,NA,CHFL,COVID19Death,vaccine,all,limited,2021-11-03_07-53-32
202107,male,unknown,19,156,NA,NA,NA,CHFL,COVID19Death,vaccine,all,limited,2021-11-03_07-53-32
202107,unknown,fully_vaccinated,0,0,11,0,NA,CHFL,COVID19Death,vaccine,all,limited,2021-11-03_07-53-32
202107,unknown,partially_vaccinated,0,0,57,0,NA,CHFL,COVID19Death,vaccine,all,limited,2021-11-03_07-53-32
202107,unknown,not_vaccinated,0,0,NA,NA,NA,CHFL,COVID19Death,vaccine,all,limited,2021-11-03_07-53-32
202107,unknown,unknown,0,0,NA,NA,NA,CHFL,COVID19Death,vaccine,all,limited,2021-11-03_07-53-32
202108,female,fully_vaccinated,2,3,150135,1.33,NA,CHFL,COVID19Death,vaccine,all,limited,2021-11-03_07-53-32
202108,female,partially_vaccinated,3,24,161272,1.86,NA,CHFL,COVID19Death,vaccine,all,limited,2021-11-03_07-53-32
202108,female,not_vaccinated,7,91,4075981,0.17,NA,CHFL,COVID19Death,vaccine,all,limited,2021-11-03_07-53-32
202108,female,unknown,15,178,NA,NA,NA,CHFL,COVID19Death,vaccine,all,limited,2021-11-03_07-53-32
202108,male,fully_vaccinated,1,1,115227,0.87,NA,CHFL,COVID19Death,vaccine,all,limited,2021-11-03_07-53-32
202108,male,partially_vaccinated,5,18,119768,4.17,NA,CHFL,COVID19Death,vaccine,all,limited,2021-11-03_07-53-32
202108,male,not_vaccinated,12,124,4086972,0.29,NA,CHFL,COVID19Death,vaccine,all,limited,2021-11-03_07-53-32
202108,male,unknown,18,174,NA,NA,NA,CHFL,COVID19Death,vaccine,all,limited,2021-11-03_07-53-32
202108,unknown,fully_vaccinated,0,0,24,0,NA,CHFL,COVID19Death,vaccine,all,limited,2021-11-03_07-53-32
202108,unknown,partially_vaccinated,0,0,47,0,NA,CHFL,COVID19Death,vaccine,all,limited,2021-11-03_07-53-32
202108,unknown,not_vaccinated,0,0,NA,NA,NA,CHFL,COVID19Death,vaccine,all,limited,2021-11-03_07-53-32
202108,unknown,unknown,0,0,NA,NA,NA,CHFL,COVID19Death,vaccine,all,limited,2021-11-03_07-53-32
202109,female,fully_vaccinated,0,3,193610,0,NA,CHFL,COVID19Death,vaccine,all,limited,2021-11-03_07-53-32
202109,female,partially_vaccinated,2,26,159428,1.25,NA,CHFL,COVID19Death,vaccine,all,limited,2021-11-03_07-53-32
202109,female,not_vaccinated,14,105,4034350,0.35,NA,CHFL,COVID19Death,vaccine,all,limited,2021-11-03_07-53-32
202109,female,unknown,14,192,NA,NA,NA,CHFL,COVID19Death,vaccine,all,limited,2021-11-03_07-53-32
202109,male,fully_vaccinated,0,1,148491,0,NA,CHFL,COVID19Death,vaccine,all,limited,2021-11-03_07-53-32
202109,male,partially_vaccinated,1,19,120053,0.83,NA,CHFL,COVID19Death,vaccine,all,limited,2021-11-03_07-53-32
202109,male,not_vaccinated,11,135,4053423,0.27,NA,CHFL,COVID19Death,vaccine,all,limited,2021-11-03_07-53-32
202109,male,unknown,22,196,NA,NA,NA,CHFL,COVID19Death,vaccine,all,limited,2021-11-03_07-53-32
202109,unknown,fully_vaccinated,0,0,36,0,NA,CHFL,COVID19Death,vaccine,all,limited,2021-11-03_07-53-32
202109,unknown,partially_vaccinated,0,0,41,0,NA,CHFL,COVID19Death,vaccine,all,limited,2021-11-03_07-53-32
202109,unknown,not_vaccinated,0,0,NA,NA,NA,CHFL,COVID19Death,vaccine,all,limited,2021-11-03_07-53-32
202109,unknown,unknown,0,0,NA,NA,NA,CHFL,COVID19Death,vaccine,all,limited,2021-11-03_07-53-32
202110,female,fully_vaccinated,2,5,229276,0.87,NA,CHFL,COVID19Death,vaccine,all,limited,2021-11-03_07-53-32
202110,female,partially_vaccinated,1,27,174390,0.57,NA,CHFL,COVID19Death,vaccine,all,limited,2021-11-03_07-53-32
202110,female,not_vaccinated,14,119,3983722,0.35,NA,CHFL,COVID19Death,vaccine,all,limited,2021-11-03_07-53-32
202110,female,unknown,13,205,NA,NA,NA,CHFL,COVID19Death,vaccine,all,limited,2021-11-03_07-53-32
202110,male,fully_vaccinated,1,2,175051,0.57,NA,CHFL,COVID19Death,vaccine,all,limited,2021-11-03_07-53-32
202110,male,partially_vaccinated,2,21,132876,1.51,NA,CHFL,COVID19Death,vaccine,all,limited,2021-11-03_07-53-32
202110,male,not_vaccinated,24,159,4014040,0.6,NA,CHFL,COVID19Death,vaccine,all,limited,2021-11-03_07-53-32
202110,male,unknown,18,214,NA,NA,NA,CHFL,COVID19Death,vaccine,all,limited,2021-11-03_07-53-32
202110,unknown,fully_vaccinated,0,0,45,0,NA,CHFL,COVID19Death,vaccine,all,limited,2021-11-03_07-53-32
202110,unknown,partially_vaccinated,0,0,41,0,NA,CHFL,COVID19Death,vaccine,all,limited,2021-11-03_07-53-32
202110,unknown,not_vaccinated,0,0,NA,NA,NA,CHFL,COVID19Death,vaccine,all,limited,2021-11-03_07-53-32
202110,unknown,unknown,0,0,NA,NA,NA,CHFL,COVID19Death,vaccine,all,limited,2021-11-03_07-53-32
202111,female,fully_vaccinated,0,5,273134,0,NA,CHFL,COVID19Death,vaccine,all,limited,2021-11-03_07-53-32
202111,female,partially_vaccinated,3,30,172828,1.74,NA,CHFL,COVID19Death,vaccine,all,limited,2021-11-03_07-53-32
202111,female,not_vaccinated,9,128,3941426,0.23,NA,CHFL,COVID19Death,vaccine,all,limited,2021-11-03_07-53-32
202111,female,unknown,15,220,NA,NA,NA,CHFL,COVID19Death,vaccine,all,limited,2021-11-03_07-53-32
202111,male,fully_vaccinated,1,3,204962,0.49,NA,CHFL,COVID19Death,vaccine,all,limited,2021-11-03_07-53-32
202111,male,partially_vaccinated,3,24,138346,2.17,NA,CHFL,COVID19Death,vaccine,all,limited,2021-11-03_07-53-32
202111,male,not_vaccinated,13,172,3978659,0.33,NA,CHFL,COVID19Death,vaccine,all,limited,2021-11-03_07-53-32
202111,male,unknown,18,232,NA,NA,NA,CHFL,COVID19Death,vaccine,all,limited,2021-11-03_07-53-32
202111,unknown,fully_vaccinated,0,0,63,0,NA,CHFL,COVID19Death,vaccine,all,limited,2021-11-03_07-53-32
202111,unknown,partially_vaccinated,0,0,73,0,NA,CHFL,COVID19Death,vaccine,all,limited,2021-11-03_07-53-32
202111,unknown,not_vaccinated,0,0,NA,NA,NA,CHFL,COVID19Death,vaccine,all,limited,2021-11-03_07-53-32
202111,unknown,unknown,0,0,NA,NA,NA,CHFL,COVID19Death,vaccine,all,limited,2021-11-03_07-53-32
202112,female,fully_vaccinated,1,6,312321,0.32,NA,CHFL,COVID19Death,vaccine,all,limited,2021-11-03_07-53-32
202112,female,partially_vaccinated,0,30,195143,0,NA,CHFL,COVID19Death,vaccine,all,limited,2021-11-03_07-53-32
202112,female,not_vaccinated,14,142,3879924,0.36,NA,CHFL,COVID19Death,vaccine,all,limited,2021-11-03_07-53-32
202112,female,unknown,10,230,NA,NA,NA,CHFL,COVID19Death,vaccine,all,limited,2021-11-03_07-53-32
202112,male,fully_vaccinated,1,4,235199,0.43,NA,CHFL,COVID19Death,vaccine,all,limited,2021-11-03_07-53-32
202112,male,partially_vaccinated,4,28,160268,2.5,NA,CHFL,COVID19Death,vaccine,all,limited,2021-11-03_07-53-32
202112,male,not_vaccinated,16,188,3926500,0.41,NA,CHFL,COVID19Death,vaccine,all,limited,2021-11-03_07-53-32
202112,male,unknown,14,246,NA,NA,NA,CHFL,COVID19Death,vaccine,all,limited,2021-11-03_07-53-32
202112,unknown,fully_vaccinated,0,0,68,0,NA,CHFL,COVID19Death,vaccine,all,limited,2021-11-03_07-53-32
202112,unknown,partially_vaccinated,0,0,83,0,NA,CHFL,COVID19Death,vaccine,all,limited,2021-11-03_07-53-32
202112,unknown,not_vaccinated,0,0,NA,NA,NA,CHFL,COVID19Death,vaccine,all,limited,2021-11-03_07-53-32
202112,unknown,unknown,0,0,NA,NA,NA,CHFL,COVID19Death,vaccine,all,limited,2021-11-03_07-53-32
202113,female,fully_vaccinated,0,6,349191,0,NA,CHFL,COVID19Death,vaccine,all,limited,2021-11-03_07-53-32
202113,female,partially_vaccinated,1,31,217963,0.46,NA,CHFL,COVID19Death,vaccine,all,limited,2021-11-03_07-53-32
202113,female,not_vaccinated,20,162,3820234,0.52,NA,CHFL,COVID19Death,vaccine,all,limited,2021-11-03_07-53-32
202113,female,unknown,12,242,NA,NA,NA,CHFL,COVID19Death,vaccine,all,limited,2021-11-03_07-53-32
202113,male,fully_vaccinated,1,5,264934,0.38,NA,CHFL,COVID19Death,vaccine,all,limited,2021-11-03_07-53-32
202113,male,partially_vaccinated,3,31,180083,1.67,NA,CHFL,COVID19Death,vaccine,all,limited,2021-11-03_07-53-32
202113,male,not_vaccinated,21,209,3876950,0.54,NA,CHFL,COVID19Death,vaccine,all,limited,2021-11-03_07-53-32
202113,male,unknown,13,259,NA,NA,NA,CHFL,COVID19Death,vaccine,all,limited,2021-11-03_07-53-32
202113,unknown,fully_vaccinated,0,0,73,0,NA,CHFL,COVID19Death,vaccine,all,limited,2021-11-03_07-53-32
202113,unknown,partially_vaccinated,0,0,94,0,NA,CHFL,COVID19Death,vaccine,all,limited,2021-11-03_07-53-32
202113,unknown,not_vaccinated,0,0,NA,NA,NA,CHFL,COVID19Death,vaccine,all,limited,2021-11-03_07-53-32
202113,unknown,unknown,0,0,NA,NA,NA,CHFL,COVID19Death,vaccine,all,limited,2021-11-03_07-53-32
202114,female,fully_vaccinated,2,8,398070,0.5,NA,CHFL,COVID19Death,vaccine,all,limited,2021-11-03_07-53-32
202114,female,partially_vaccinated,1,32,235592,0.42,NA,CHFL,COVID19Death,vaccine,all,limited,2021-11-03_07-53-32
202114,female,not_vaccinated,11,173,3753726,0.29,NA,CHFL,COVID19Death,vaccine,all,limited,2021-11-03_07-53-32
202114,female,unknown,8,250,NA,NA,NA,CHFL,COVID19Death,vaccine,all,limited,2021-11-03_07-53-32
202114,male,fully_vaccinated,0,5,303757,0,NA,CHFL,COVID19Death,vaccine,all,limited,2021-11-03_07-53-32
202114,male,partially_vaccinated,2,33,199045,1,NA,CHFL,COVID19Death,vaccine,all,limited,2021-11-03_07-53-32
202114,male,not_vaccinated,23,232,3819165,0.6,NA,CHFL,COVID19Death,vaccine,all,limited,2021-11-03_07-53-32
202114,male,unknown,16,275,NA,NA,NA,CHFL,COVID19Death,vaccine,all,limited,2021-11-03_07-53-32
202114,unknown,fully_vaccinated,0,0,82,0,NA,CHFL,COVID19Death,vaccine,all,limited,2021-11-03_07-53-32
202114,unknown,partially_vaccinated,0,0,114,0,NA,CHFL,COVID19Death,vaccine,all,limited,2021-11-03_07-53-32
202114,unknown,not_vaccinated,0,0,NA,NA,NA,CHFL,COVID19Death,vaccine,all,limited,2021-11-03_07-53-32
202114,unknown,unknown,0,0,NA,NA,NA,CHFL,COVID19Death,vaccine,all,limited,2021-11-03_07-53-32
202115,female,fully_vaccinated,2,10,444614,0.45,NA,CHFL,COVID19Death,vaccine,all,limited,2021-11-03_07-53-32
202115,female,partially_vaccinated,1,33,302878,0.33,NA,CHFL,COVID19Death,vaccine,all,limited,2021-11-03_07-53-32
202115,female,not_vaccinated,6,179,3639896,0.16,NA,CHFL,COVID19Death,vaccine,all,limited,2021-11-03_07-53-32
202115,female,unknown,10,260,NA,NA,NA,CHFL,COVID19Death,vaccine,all,limited,2021-11-03_07-53-32
202115,male,fully_vaccinated,1,6,342480,0.29,NA,CHFL,COVID19Death,vaccine,all,limited,2021-11-03_07-53-32
202115,male,partially_vaccinated,2,35,259378,0.77,NA,CHFL,COVID19Death,vaccine,all,limited,2021-11-03_07-53-32
202115,male,not_vaccinated,15,247,3720109,0.4,NA,CHFL,COVID19Death,vaccine,all,limited,2021-11-03_07-53-32
202115,male,unknown,9,284,NA,NA,NA,CHFL,COVID19Death,vaccine,all,limited,2021-11-03_07-53-32
202115,unknown,fully_vaccinated,0,0,129,0,NA,CHFL,COVID19Death,vaccine,all,limited,2021-11-03_07-53-32
202115,unknown,partially_vaccinated,0,0,111,0,NA,CHFL,COVID19Death,vaccine,all,limited,2021-11-03_07-53-32
202115,unknown,not_vaccinated,0,0,NA,NA,NA,CHFL,COVID19Death,vaccine,all,limited,2021-11-03_07-53-32
202115,unknown,unknown,0,0,NA,NA,NA,CHFL,COVID19Death,vaccine,all,limited,2021-11-03_07-53-32
202116,female,fully_vaccinated,2,12,504268,0.4,NA,CHFL,COVID19Death,vaccine,all,limited,2021-11-03_07-53-32
202116,female,partially_vaccinated,0,33,381633,0,NA,CHFL,COVID19Death,vaccine,all,limited,2021-11-03_07-53-32
202116,female,not_vaccinated,12,191,3501487,0.34,NA,CHFL,COVID19Death,vaccine,all,limited,2021-11-03_07-53-32
202116,female,unknown,6,266,NA,NA,NA,CHFL,COVID19Death,vaccine,all,limited,2021-11-03_07-53-32
202116,male,fully_vaccinated,3,9,393461,0.76,NA,CHFL,COVID19Death,vaccine,all,limited,2021-11-03_07-53-32
202116,male,partially_vaccinated,0,35,331372,0,NA,CHFL,COVID19Death,vaccine,all,limited,2021-11-03_07-53-32
202116,male,not_vaccinated,18,265,3597134,0.5,NA,CHFL,COVID19Death,vaccine,all,limited,2021-11-03_07-53-32
202116,male,unknown,13,297,NA,NA,NA,CHFL,COVID19Death,vaccine,all,limited,2021-11-03_07-53-32
202116,unknown,fully_vaccinated,0,0,143,0,NA,CHFL,COVID19Death,vaccine,all,limited,2021-11-03_07-53-32
202116,unknown,partially_vaccinated,0,0,157,0,NA,CHFL,COVID19Death,vaccine,all,limited,2021-11-03_07-53-32
202116,unknown,not_vaccinated,0,0,NA,NA,NA,CHFL,COVID19Death,vaccine,all,limited,2021-11-03_07-53-32
202116,unknown,unknown,0,0,NA,NA,NA,CHFL,COVID19Death,vaccine,all,limited,2021-11-03_07-53-32
202117,female,fully_vaccinated,1,13,563271,0.18,NA,CHFL,COVID19Death,vaccine,all,limited,2021-11-03_07-53-32
202117,female,partially_vaccinated,0,33,473598,0,NA,CHFL,COVID19Death,vaccine,all,limited,2021-11-03_07-53-32
202117,female,not_vaccinated,15,206,3350519,0.45,NA,CHFL,COVID19Death,vaccine,all,limited,2021-11-03_07-53-32
202117,female,unknown,11,277,NA,NA,NA,CHFL,COVID19Death,vaccine,all,limited,2021-11-03_07-53-32
202117,male,fully_vaccinated,3,12,442746,0.68,NA,CHFL,COVID19Death,vaccine,all,limited,2021-11-03_07-53-32
202117,male,partially_vaccinated,3,38,418138,0.72,NA,CHFL,COVID19Death,vaccine,all,limited,2021-11-03_07-53-32
202117,male,not_vaccinated,23,288,3461083,0.66,NA,CHFL,COVID19Death,vaccine,all,limited,2021-11-03_07-53-32
202117,male,unknown,13,310,NA,NA,NA,CHFL,COVID19Death,vaccine,all,limited,2021-11-03_07-53-32
202117,unknown,fully_vaccinated,0,0,157,0,NA,CHFL,COVID19Death,vaccine,all,limited,2021-11-03_07-53-32
202117,unknown,partially_vaccinated,0,0,208,0,NA,CHFL,COVID19Death,vaccine,all,limited,2021-11-03_07-53-32
202117,unknown,not_vaccinated,0,0,NA,NA,NA,CHFL,COVID19Death,vaccine,all,limited,2021-11-03_07-53-32
202117,unknown,unknown,0,0,NA,NA,NA,CHFL,COVID19Death,vaccine,all,limited,2021-11-03_07-53-32
202118,female,fully_vaccinated,1,14,636802,0.16,NA,CHFL,COVID19Death,vaccine,all,limited,2021-11-03_07-53-32
202118,female,partially_vaccinated,0,33,570734,0,NA,CHFL,COVID19Death,vaccine,all,limited,2021-11-03_07-53-32
202118,female,not_vaccinated,8,214,3179852,0.25,NA,CHFL,COVID19Death,vaccine,all,limited,2021-11-03_07-53-32
202118,female,unknown,10,287,NA,NA,NA,CHFL,COVID19Death,vaccine,all,limited,2021-11-03_07-53-32
202118,male,fully_vaccinated,2,14,506186,0.4,NA,CHFL,COVID19Death,vaccine,all,limited,2021-11-03_07-53-32
202118,male,partially_vaccinated,0,38,508998,0,NA,CHFL,COVID19Death,vaccine,all,limited,2021-11-03_07-53-32
202118,male,not_vaccinated,13,301,3306783,0.39,NA,CHFL,COVID19Death,vaccine,all,limited,2021-11-03_07-53-32
202118,male,unknown,7,317,NA,NA,NA,CHFL,COVID19Death,vaccine,all,limited,2021-11-03_07-53-32
202118,unknown,fully_vaccinated,0,0,185,0,NA,CHFL,COVID19Death,vaccine,all,limited,2021-11-03_07-53-32
202118,unknown,partially_vaccinated,0,0,278,0,NA,CHFL,COVID19Death,vaccine,all,limited,2021-11-03_07-53-32
202118,unknown,not_vaccinated,0,0,NA,NA,NA,CHFL,COVID19Death,vaccine,all,limited,2021-11-03_07-53-32
202118,unknown,unknown,0,0,NA,NA,NA,CHFL,COVID19Death,vaccine,all,limited,2021-11-03_07-53-32
202119,female,fully_vaccinated,0,14,738495,0,NA,CHFL,COVID19Death,vaccine,all,limited,2021-11-03_07-53-32
202119,female,partially_vaccinated,0,33,612760,0,NA,CHFL,COVID19Death,vaccine,all,limited,2021-11-03_07-53-32
202119,female,not_vaccinated,8,222,3036133,0.26,NA,CHFL,COVID19Death,vaccine,all,limited,2021-11-03_07-53-32
202119,female,unknown,4,291,NA,NA,NA,CHFL,COVID19Death,vaccine,all,limited,2021-11-03_07-53-32
202119,male,fully_vaccinated,2,16,595921,0.34,NA,CHFL,COVID19Death,vaccine,all,limited,2021-11-03_07-53-32
202119,male,partially_vaccinated,1,39,563089,0.18,NA,CHFL,COVID19Death,vaccine,all,limited,2021-11-03_07-53-32
202119,male,not_vaccinated,10,311,3162957,0.32,NA,CHFL,COVID19Death,vaccine,all,limited,2021-11-03_07-53-32
202119,male,unknown,5,322,NA,NA,NA,CHFL,COVID19Death,vaccine,all,limited,2021-11-03_07-53-32
202119,unknown,fully_vaccinated,0,0,221,0,NA,CHFL,COVID19Death,vaccine,all,limited,2021-11-03_07-53-32
202119,unknown,partially_vaccinated,0,0,314,0,NA,CHFL,COVID19Death,vaccine,all,limited,2021-11-03_07-53-32
202119,unknown,not_vaccinated,0,0,NA,NA,NA,CHFL,COVID19Death,vaccine,all,limited,2021-11-03_07-53-32
202119,unknown,unknown,0,0,NA,NA,NA,CHFL,COVID19Death,vaccine,all,limited,2021-11-03_07-53-32
202120,female,fully_vaccinated,2,16,878514,0.23,NA,CHFL,COVID19Death,vaccine,all,limited,2021-11-03_07-53-32
202120,female,partially_vaccinated,0,33,631329,0,NA,CHFL,COVID19Death,vaccine,all,limited,2021-11-03_07-53-32
202120,female,not_vaccinated,9,231,2877545,0.31,NA,CHFL,COVID19Death,vaccine,all,limited,2021-11-03_07-53-32
202120,female,unknown,2,293,NA,NA,NA,CHFL,COVID19Death,vaccine,all,limited,2021-11-03_07-53-32
202120,male,fully_vaccinated,0,16,721209,0,NA,CHFL,COVID19Death,vaccine,all,limited,2021-11-03_07-53-32
202120,male,partially_vaccinated,0,39,598114,0,NA,CHFL,COVID19Death,vaccine,all,limited,2021-11-03_07-53-32
202120,male,not_vaccinated,14,325,3002644,0.47,NA,CHFL,COVID19Death,vaccine,all,limited,2021-11-03_07-53-32
202120,male,unknown,6,328,NA,NA,NA,CHFL,COVID19Death,vaccine,all,limited,2021-11-03_07-53-32
202120,unknown,fully_vaccinated,0,0,276,0,NA,CHFL,COVID19Death,vaccine,all,limited,2021-11-03_07-53-32
202120,unknown,partially_vaccinated,0,0,331,0,NA,CHFL,COVID19Death,vaccine,all,limited,2021-11-03_07-53-32
202120,unknown,not_vaccinated,0,0,NA,NA,NA,CHFL,COVID19Death,vaccine,all,limited,2021-11-03_07-53-32
202120,unknown,unknown,0,0,NA,NA,NA,CHFL,COVID19Death,vaccine,all,limited,2021-11-03_07-53-32
202121,female,fully_vaccinated,0,16,1023075,0,NA,CHFL,COVID19Death,vaccine,all,limited,2021-11-03_07-53-32
202121,female,partially_vaccinated,0,33,628172,0,NA,CHFL,COVID19Death,vaccine,all,limited,2021-11-03_07-53-32
202121,female,not_vaccinated,5,236,2736141,0.18,NA,CHFL,COVID19Death,vaccine,all,limited,2021-11-03_07-53-32
202121,female,unknown,4,297,NA,NA,NA,CHFL,COVID19Death,vaccine,all,limited,2021-11-03_07-53-32
202121,male,fully_vaccinated,2,18,851884,0.23,NA,CHFL,COVID19Death,vaccine,all,limited,2021-11-03_07-53-32
202121,male,partially_vaccinated,0,39,620377,0,NA,CHFL,COVID19Death,vaccine,all,limited,2021-11-03_07-53-32
202121,male,not_vaccinated,5,330,2849706,0.18,NA,CHFL,COVID19Death,vaccine,all,limited,2021-11-03_07-53-32
202121,male,unknown,3,331,NA,NA,NA,CHFL,COVID19Death,vaccine,all,limited,2021-11-03_07-53-32
202121,unknown,fully_vaccinated,0,0,341,0,NA,CHFL,COVID19Death,vaccine,all,limited,2021-11-03_07-53-32
202121,unknown,partially_vaccinated,0,0,361,0,NA,CHFL,COVID19Death,vaccine,all,limited,2021-11-03_07-53-32
202121,unknown,not_vaccinated,0,0,NA,NA,NA,CHFL,COVID19Death,vaccine,all,limited,2021-11-03_07-53-32
202121,unknown,unknown,0,0,NA,NA,NA,CHFL,COVID19Death,vaccine,all,limited,2021-11-03_07-53-32
202122,female,fully_vaccinated,3,19,1187505,0.25,NA,CHFL,COVID19Death,vaccine,all,limited,2021-11-03_07-53-32
202122,female,partially_vaccinated,0,33,626235,0,NA,CHFL,COVID19Death,vaccine,all,limited,2021-11-03_07-53-32
202122,female,not_vaccinated,9,245,2573648,0.35,NA,CHFL,COVID19Death,vaccine,all,limited,2021-11-03_07-53-32
202122,female,unknown,2,299,NA,NA,NA,CHFL,COVID19Death,vaccine,all,limited,2021-11-03_07-53-32
202122,male,fully_vaccinated,1,19,1000607,0.1,NA,CHFL,COVID19Death,vaccine,all,limited,2021-11-03_07-53-32
202122,male,partially_vaccinated,0,39,648681,0,NA,CHFL,COVID19Death,vaccine,all,limited,2021-11-03_07-53-32
202122,male,not_vaccinated,7,337,2672679,0.26,NA,CHFL,COVID19Death,vaccine,all,limited,2021-11-03_07-53-32
202122,male,unknown,2,333,NA,NA,NA,CHFL,COVID19Death,vaccine,all,limited,2021-11-03_07-53-32
202122,unknown,fully_vaccinated,0,0,430,0,NA,CHFL,COVID19Death,vaccine,all,limited,2021-11-03_07-53-32
202122,unknown,partially_vaccinated,0,0,382,0,NA,CHFL,COVID19Death,vaccine,all,limited,2021-11-03_07-53-32
202122,unknown,not_vaccinated,0,0,NA,NA,NA,CHFL,COVID19Death,vaccine,all,limited,2021-11-03_07-53-32
202122,unknown,unknown,0,0,NA,NA,NA,CHFL,COVID19Death,vaccine,all,limited,2021-11-03_07-53-32
202123,female,fully_vaccinated,0,19,1342911,0,NA,CHFL,COVID19Death,vaccine,all,limited,2021-11-03_07-53-32
202123,female,partially_vaccinated,1,34,640973,0.16,NA,CHFL,COVID19Death,vaccine,all,limited,2021-11-03_07-53-32
202123,female,not_vaccinated,2,247,2403504,0.08,NA,CHFL,COVID19Death,vaccine,all,limited,2021-11-03_07-53-32
202123,female,unknown,1,300,NA,NA,NA,CHFL,COVID19Death,vaccine,all,limited,2021-11-03_07-53-32
202123,male,fully_vaccinated,1,20,1152115,0.09,NA,CHFL,COVID19Death,vaccine,all,limited,2021-11-03_07-53-32
202123,male,partially_vaccinated,1,40,683746,0.15,NA,CHFL,COVID19Death,vaccine,all,limited,2021-11-03_07-53-32
202123,male,not_vaccinated,5,342,2486106,0.2,NA,CHFL,COVID19Death,vaccine,all,limited,2021-11-03_07-53-32
202123,male,unknown,5,338,NA,NA,NA,CHFL,COVID19Death,vaccine,all,limited,2021-11-03_07-53-32
202123,unknown,fully_vaccinated,0,0,493,0,NA,CHFL,COVID19Death,vaccine,all,limited,2021-11-03_07-53-32
202123,unknown,partially_vaccinated,0,0,463,0,NA,CHFL,COVID19Death,vaccine,all,limited,2021-11-03_07-53-32
202123,unknown,not_vaccinated,0,0,NA,NA,NA,CHFL,COVID19Death,vaccine,all,limited,2021-11-03_07-53-32
202123,unknown,unknown,0,0,NA,NA,NA,CHFL,COVID19Death,vaccine,all,limited,2021-11-03_07-53-32
202124,female,fully_vaccinated,0,19,1499003,0,NA,CHFL,COVID19Death,vaccine,all,limited,2021-11-03_07-53-32
202124,female,partially_vaccinated,0,34,631739,0,NA,CHFL,COVID19Death,vaccine,all,limited,2021-11-03_07-53-32
202124,female,not_vaccinated,2,249,2256646,0.09,NA,CHFL,COVID19Death,vaccine,all,limited,2021-11-03_07-53-32
202124,female,unknown,2,302,NA,NA,NA,CHFL,COVID19Death,vaccine,all,limited,2021-11-03_07-53-32
202124,male,fully_vaccinated,0,20,1310699,0,NA,CHFL,COVID19Death,vaccine,all,limited,2021-11-03_07-53-32
202124,male,partially_vaccinated,0,40,688757,0,NA,CHFL,COVID19Death,vaccine,all,limited,2021-11-03_07-53-32
202124,male,not_vaccinated,5,347,2322511,0.22,NA,CHFL,COVID19Death,vaccine,all,limited,2021-11-03_07-53-32
202124,male,unknown,3,341,NA,NA,NA,CHFL,COVID19Death,vaccine,all,limited,2021-11-03_07-53-32
202124,unknown,fully_vaccinated,0,0,575,0,NA,CHFL,COVID19Death,vaccine,all,limited,2021-11-03_07-53-32
202124,unknown,partially_vaccinated,0,0,559,0,NA,CHFL,COVID19Death,vaccine,all,limited,2021-11-03_07-53-32
202124,unknown,not_vaccinated,0,0,NA,NA,NA,CHFL,COVID19Death,vaccine,all,limited,2021-11-03_07-53-32
202124,unknown,unknown,0,0,NA,NA,NA,CHFL,COVID19Death,vaccine,all,limited,2021-11-03_07-53-32
202125,female,fully_vaccinated,0,19,1647116,0,NA,CHFL,COVID19Death,vaccine,all,limited,2021-11-03_07-53-32
202125,female,partially_vaccinated,0,34,593147,0,NA,CHFL,COVID19Death,vaccine,all,limited,2021-11-03_07-53-32
202125,female,not_vaccinated,2,251,2147125,0.09,NA,CHFL,COVID19Death,vaccine,all,limited,2021-11-03_07-53-32
202125,female,unknown,0,302,NA,NA,NA,CHFL,COVID19Death,vaccine,all,limited,2021-11-03_07-53-32
202125,male,fully_vaccinated,1,21,1470611,0.07,NA,CHFL,COVID19Death,vaccine,all,limited,2021-11-03_07-53-32
202125,male,partially_vaccinated,0,40,651495,0,NA,CHFL,COVID19Death,vaccine,all,limited,2021-11-03_07-53-32
202125,male,not_vaccinated,2,349,2199861,0.09,NA,CHFL,COVID19Death,vaccine,all,limited,2021-11-03_07-53-32
202125,male,unknown,2,343,NA,NA,NA,CHFL,COVID19Death,vaccine,all,limited,2021-11-03_07-53-32
202125,unknown,fully_vaccinated,0,0,674,0,NA,CHFL,COVID19Death,vaccine,all,limited,2021-11-03_07-53-32
202125,unknown,partially_vaccinated,0,0,624,0,NA,CHFL,COVID19Death,vaccine,all,limited,2021-11-03_07-53-32
202125,unknown,not_vaccinated,0,0,NA,NA,NA,CHFL,COVID19Death,vaccine,all,limited,2021-11-03_07-53-32
202125,unknown,unknown,0,0,NA,NA,NA,CHFL,COVID19Death,vaccine,all,limited,2021-11-03_07-53-32
202126,female,fully_vaccinated,0,19,1806880,0,NA,CHFL,COVID19Death,vaccine,all,intermediate,2021-11-03_07-53-32
202126,female,partially_vaccinated,0,34,495462,0,NA,CHFL,COVID19Death,vaccine,all,intermediate,2021-11-03_07-53-32
202126,female,not_vaccinated,0,251,2085046,0,NA,CHFL,COVID19Death,vaccine,all,intermediate,2021-11-03_07-53-32
202126,female,unknown,2,304,NA,NA,NA,CHFL,COVID19Death,vaccine,all,intermediate,2021-11-03_07-53-32
202126,male,fully_vaccinated,0,21,1644995,0,NA,CHFL,COVID19Death,vaccine,all,intermediate,2021-11-03_07-53-32
202126,male,partially_vaccinated,0,40,543344,0,NA,CHFL,COVID19Death,vaccine,all,intermediate,2021-11-03_07-53-32
202126,male,not_vaccinated,1,350,2133628,0.05,NA,CHFL,COVID19Death,vaccine,all,intermediate,2021-11-03_07-53-32
202126,male,unknown,0,343,NA,NA,NA,CHFL,COVID19Death,vaccine,all,intermediate,2021-11-03_07-53-32
202126,unknown,fully_vaccinated,0,0,780,0,NA,CHFL,COVID19Death,vaccine,all,intermediate,2021-11-03_07-53-32
202126,unknown,partially_vaccinated,0,0,597,0,NA,CHFL,COVID19Death,vaccine,all,intermediate,2021-11-03_07-53-32
202126,unknown,not_vaccinated,0,0,NA,NA,NA,CHFL,COVID19Death,vaccine,all,intermediate,2021-11-03_07-53-32
202126,unknown,unknown,0,0,NA,NA,NA,CHFL,COVID19Death,vaccine,all,intermediate,2021-11-03_07-53-32
202127,female,fully_vaccinated,0,19,1966963,0,NA,CHFL,COVID19Death,vaccine,all,intermediate,2021-11-03_07-53-32
202127,female,partially_vaccinated,0,34,377654,0,NA,CHFL,COVID19Death,vaccine,all,intermediate,2021-11-03_07-53-32
202127,female,not_vaccinated,2,253,2042771,0.1,NA,CHFL,COVID19Death,vaccine,all,intermediate,2021-11-03_07-53-32
202127,female,unknown,0,304,NA,NA,NA,CHFL,COVID19Death,vaccine,all,intermediate,2021-11-03_07-53-32
202127,male,fully_vaccinated,0,21,1820881,0,NA,CHFL,COVID19Death,vaccine,all,intermediate,2021-11-03_07-53-32
202127,male,partially_vaccinated,0,40,412238,0,NA,CHFL,COVID19Death,vaccine,all,intermediate,2021-11-03_07-53-32
202127,male,not_vaccinated,1,351,2088848,0.05,NA,CHFL,COVID19Death,vaccine,all,intermediate,2021-11-03_07-53-32
202127,male,unknown,0,343,NA,NA,NA,CHFL,COVID19Death,vaccine,all,intermediate,2021-11-03_07-53-32
202127,unknown,fully_vaccinated,0,0,907,0,NA,CHFL,COVID19Death,vaccine,all,intermediate,2021-11-03_07-53-32
202127,unknown,partially_vaccinated,0,0,520,0,NA,CHFL,COVID19Death,vaccine,all,intermediate,2021-11-03_07-53-32
202127,unknown,not_vaccinated,0,0,NA,NA,NA,CHFL,COVID19Death,vaccine,all,intermediate,2021-11-03_07-53-32
202127,unknown,unknown,0,0,NA,NA,NA,CHFL,COVID19Death,vaccine,all,intermediate,2021-11-03_07-53-32
202128,female,fully_vaccinated,0,19,2106805,0,NA,CHFL,COVID19Death,vaccine,all,intermediate,2021-11-03_07-53-32
202128,female,partially_vaccinated,0,34,274667,0,NA,CHFL,COVID19Death,vaccine,all,intermediate,2021-11-03_07-53-32
202128,female,not_vaccinated,0,253,2005916,0,NA,CHFL,COVID19Death,vaccine,all,intermediate,2021-11-03_07-53-32
202128,female,unknown,0,304,NA,NA,NA,CHFL,COVID19Death,vaccine,all,intermediate,2021-11-03_07-53-32
202128,male,fully_vaccinated,1,22,1977665,0.05,NA,CHFL,COVID19Death,vaccine,all,intermediate,2021-11-03_07-53-32
202128,male,partially_vaccinated,1,41,293689,0.34,NA,CHFL,COVID19Death,vaccine,all,intermediate,2021-11-03_07-53-32
202128,male,not_vaccinated,0,351,2050613,0,NA,CHFL,COVID19Death,vaccine,all,intermediate,2021-11-03_07-53-32
202128,male,unknown,0,343,NA,NA,NA,CHFL,COVID19Death,vaccine,all,intermediate,2021-11-03_07-53-32
202128,unknown,fully_vaccinated,0,0,1069,0,NA,CHFL,COVID19Death,vaccine,all,intermediate,2021-11-03_07-53-32
202128,unknown,partially_vaccinated,0,0,394,0,NA,CHFL,COVID19Death,vaccine,all,intermediate,2021-11-03_07-53-32
202128,unknown,not_vaccinated,0,0,NA,NA,NA,CHFL,COVID19Death,vaccine,all,intermediate,2021-11-03_07-53-32
202128,unknown,unknown,0,0,NA,NA,NA,CHFL,COVID19Death,vaccine,all,intermediate,2021-11-03_07-53-32
202129,female,fully_vaccinated,0,19,2213939,0,NA,CHFL,COVID19Death,vaccine,all,intermediate,2021-11-03_07-53-32
202129,female,partially_vaccinated,0,34,202511,0,NA,CHFL,COVID19Death,vaccine,all,intermediate,2021-11-03_07-53-32
202129,female,not_vaccinated,0,253,1970938,0,NA,CHFL,COVID19Death,vaccine,all,intermediate,2021-11-03_07-53-32
202129,female,unknown,0,304,NA,NA,NA,CHFL,COVID19Death,vaccine,all,intermediate,2021-11-03_07-53-32
202129,male,fully_vaccinated,0,22,2098976,0,NA,CHFL,COVID19Death,vaccine,all,intermediate,2021-11-03_07-53-32
202129,male,partially_vaccinated,0,41,208524,0,NA,CHFL,COVID19Death,vaccine,all,intermediate,2021-11-03_07-53-32
202129,male,not_vaccinated,5,356,2014467,0.25,NA,CHFL,COVID19Death,vaccine,all,intermediate,2021-11-03_07-53-32
202129,male,unknown,0,343,NA,NA,NA,CHFL,COVID19Death,vaccine,all,intermediate,2021-11-03_07-53-32
202129,unknown,fully_vaccinated,0,0,1211,0,NA,CHFL,COVID19Death,vaccine,all,intermediate,2021-11-03_07-53-32
202129,unknown,partially_vaccinated,0,0,285,0,NA,CHFL,COVID19Death,vaccine,all,intermediate,2021-11-03_07-53-32
202129,unknown,not_vaccinated,0,0,NA,NA,NA,CHFL,COVID19Death,vaccine,all,intermediate,2021-11-03_07-53-32
202129,unknown,unknown,0,0,NA,NA,NA,CHFL,COVID19Death,vaccine,all,intermediate,2021-11-03_07-53-32
202130,female,fully_vaccinated,1,20,2274131,0.04,NA,CHFL,COVID19Death,vaccine,all,intermediate,2021-11-03_07-53-32
202130,female,partially_vaccinated,0,34,175092,0,NA,CHFL,COVID19Death,vaccine,all,intermediate,2021-11-03_07-53-32
202130,female,not_vaccinated,2,255,1938165,0.1,NA,CHFL,COVID19Death,vaccine,all,intermediate,2021-11-03_07-53-32
202130,female,unknown,2,306,NA,NA,NA,CHFL,COVID19Death,vaccine,all,intermediate,2021-11-03_07-53-32
202130,male,fully_vaccinated,0,22,2164398,0,NA,CHFL,COVID19Death,vaccine,all,intermediate,2021-11-03_07-53-32
202130,male,partially_vaccinated,0,41,177251,0,NA,CHFL,COVID19Death,vaccine,all,intermediate,2021-11-03_07-53-32
202130,male,not_vaccinated,6,362,1980318,0.3,NA,CHFL,COVID19Death,vaccine,all,intermediate,2021-11-03_07-53-32
202130,male,unknown,0,343,NA,NA,NA,CHFL,COVID19Death,vaccine,all,intermediate,2021-11-03_07-53-32
202130,unknown,fully_vaccinated,0,0,1292,0,NA,CHFL,COVID19Death,vaccine,all,intermediate,2021-11-03_07-53-32
202130,unknown,partially_vaccinated,0,0,240,0,NA,CHFL,COVID19Death,vaccine,all,intermediate,2021-11-03_07-53-32
202130,unknown,not_vaccinated,0,0,NA,NA,NA,CHFL,COVID19Death,vaccine,all,intermediate,2021-11-03_07-53-32
202130,unknown,unknown,0,0,NA,NA,NA,CHFL,COVID19Death,vaccine,all,intermediate,2021-11-03_07-53-32
202131,female,fully_vaccinated,0,20,2316248,0,NA,CHFL,COVID19Death,vaccine,all,intermediate,2021-11-03_07-53-32
202131,female,partially_vaccinated,0,34,159570,0,NA,CHFL,COVID19Death,vaccine,all,intermediate,2021-11-03_07-53-32
202131,female,not_vaccinated,3,258,1911570,0.16,NA,CHFL,COVID19Death,vaccine,all,intermediate,2021-11-03_07-53-32
202131,female,unknown,0,306,NA,NA,NA,CHFL,COVID19Death,vaccine,all,intermediate,2021-11-03_07-53-32
202131,male,fully_vaccinated,0,22,2208842,0,NA,CHFL,COVID19Death,vaccine,all,intermediate,2021-11-03_07-53-32
202131,male,partially_vaccinated,0,41,160827,0,NA,CHFL,COVID19Death,vaccine,all,intermediate,2021-11-03_07-53-32
202131,male,not_vaccinated,0,362,1952298,0,NA,CHFL,COVID19Death,vaccine,all,intermediate,2021-11-03_07-53-32
202131,male,unknown,0,343,NA,NA,NA,CHFL,COVID19Death,vaccine,all,intermediate,2021-11-03_07-53-32
202131,unknown,fully_vaccinated,0,0,1338,0,NA,CHFL,COVID19Death,vaccine,all,intermediate,2021-11-03_07-53-32
202131,unknown,partially_vaccinated,0,0,210,0,NA,CHFL,COVID19Death,vaccine,all,intermediate,2021-11-03_07-53-32
202131,unknown,not_vaccinated,0,0,NA,NA,NA,CHFL,COVID19Death,vaccine,all,intermediate,2021-11-03_07-53-32
202131,unknown,unknown,0,0,NA,NA,NA,CHFL,COVID19Death,vaccine,all,intermediate,2021-11-03_07-53-32
202132,female,fully_vaccinated,2,22,2354195,0.08,NA,CHFL,COVID19Death,vaccine,all,intermediate,2021-11-03_07-53-32
202132,female,partially_vaccinated,0,34,152993,0,NA,CHFL,COVID19Death,vaccine,all,intermediate,2021-11-03_07-53-32
202132,female,not_vaccinated,3,261,1880200,0.16,NA,CHFL,COVID19Death,vaccine,all,intermediate,2021-11-03_07-53-32
202132,female,unknown,1,307,NA,NA,NA,CHFL,COVID19Death,vaccine,all,intermediate,2021-11-03_07-53-32
202132,male,fully_vaccinated,2,24,2248004,0.09,NA,CHFL,COVID19Death,vaccine,all,intermediate,2021-11-03_07-53-32
202132,male,partially_vaccinated,0,41,153859,0,NA,CHFL,COVID19Death,vaccine,all,intermediate,2021-11-03_07-53-32
202132,male,not_vaccinated,3,365,1920104,0.16,NA,CHFL,COVID19Death,vaccine,all,intermediate,2021-11-03_07-53-32
202132,male,unknown,3,346,NA,NA,NA,CHFL,COVID19Death,vaccine,all,intermediate,2021-11-03_07-53-32
202132,unknown,fully_vaccinated,0,0,1370,0,NA,CHFL,COVID19Death,vaccine,all,intermediate,2021-11-03_07-53-32
202132,unknown,partially_vaccinated,0,0,203,0,NA,CHFL,COVID19Death,vaccine,all,intermediate,2021-11-03_07-53-32
202132,unknown,not_vaccinated,0,0,NA,NA,NA,CHFL,COVID19Death,vaccine,all,intermediate,2021-11-03_07-53-32
202132,unknown,unknown,0,0,NA,NA,NA,CHFL,COVID19Death,vaccine,all,intermediate,2021-11-03_07-53-32
202133,female,fully_vaccinated,5,27,2391904,0.21,NA,CHFL,COVID19Death,vaccine,all,intermediate,2021-11-03_07-53-32
202133,female,partially_vaccinated,0,34,151924,0,NA,CHFL,COVID19Death,vaccine,all,intermediate,2021-11-03_07-53-32
202133,female,not_vaccinated,7,268,1843560,0.38,NA,CHFL,COVID19Death,vaccine,all,intermediate,2021-11-03_07-53-32
202133,female,unknown,2,309,NA,NA,NA,CHFL,COVID19Death,vaccine,all,intermediate,2021-11-03_07-53-32
202133,male,fully_vaccinated,4,28,2287026,0.17,NA,CHFL,COVID19Death,vaccine,all,intermediate,2021-11-03_07-53-32
202133,male,partially_vaccinated,0,41,151721,0,NA,CHFL,COVID19Death,vaccine,all,intermediate,2021-11-03_07-53-32
202133,male,not_vaccinated,6,371,1883220,0.32,NA,CHFL,COVID19Death,vaccine,all,intermediate,2021-11-03_07-53-32
202133,male,unknown,1,347,NA,NA,NA,CHFL,COVID19Death,vaccine,all,intermediate,2021-11-03_07-53-32
202133,unknown,fully_vaccinated,0,0,1399,0,NA,CHFL,COVID19Death,vaccine,all,intermediate,2021-11-03_07-53-32
202133,unknown,partially_vaccinated,0,0,208,0,NA,CHFL,COVID19Death,vaccine,all,intermediate,2021-11-03_07-53-32
202133,unknown,not_vaccinated,0,0,NA,NA,NA,CHFL,COVID19Death,vaccine,all,intermediate,2021-11-03_07-53-32
202133,unknown,unknown,0,0,NA,NA,NA,CHFL,COVID19Death,vaccine,all,intermediate,2021-11-03_07-53-32
202134,female,fully_vaccinated,2,29,2428735,0.08,NA,CHFL,COVID19Death,vaccine,all,intermediate,2021-11-03_07-53-32
202134,female,partially_vaccinated,0,34,162089,0,NA,CHFL,COVID19Death,vaccine,all,intermediate,2021-11-03_07-53-32
202134,female,not_vaccinated,13,281,1796564,0.72,NA,CHFL,COVID19Death,vaccine,all,intermediate,2021-11-03_07-53-32
202134,female,unknown,4,313,NA,NA,NA,CHFL,COVID19Death,vaccine,all,intermediate,2021-11-03_07-53-32
202134,male,fully_vaccinated,4,32,2325133,0.17,NA,CHFL,COVID19Death,vaccine,all,intermediate,2021-11-03_07-53-32
202134,male,partially_vaccinated,0,41,159911,0,NA,CHFL,COVID19Death,vaccine,all,intermediate,2021-11-03_07-53-32
202134,male,not_vaccinated,15,386,1836923,0.82,NA,CHFL,COVID19Death,vaccine,all,intermediate,2021-11-03_07-53-32
202134,male,unknown,4,351,NA,NA,NA,CHFL,COVID19Death,vaccine,all,intermediate,2021-11-03_07-53-32
202134,unknown,fully_vaccinated,0,0,1433,0,NA,CHFL,COVID19Death,vaccine,all,intermediate,2021-11-03_07-53-32
202134,unknown,partially_vaccinated,0,0,212,0,NA,CHFL,COVID19Death,vaccine,all,intermediate,2021-11-03_07-53-32
202134,unknown,not_vaccinated,0,0,NA,NA,NA,CHFL,COVID19Death,vaccine,all,intermediate,2021-11-03_07-53-32
202134,unknown,unknown,0,0,NA,NA,NA,CHFL,COVID19Death,vaccine,all,intermediate,2021-11-03_07-53-32
202135,female,fully_vaccinated,4,33,2459101,0.16,NA,CHFL,COVID19Death,vaccine,all,intermediate,2021-11-03_07-53-32
202135,female,partially_vaccinated,0,34,183380,0,NA,CHFL,COVID19Death,vaccine,all,intermediate,2021-11-03_07-53-32
202135,female,not_vaccinated,10,291,1744907,0.57,NA,CHFL,COVID19Death,vaccine,all,intermediate,2021-11-03_07-53-32
202135,female,unknown,3,316,NA,NA,NA,CHFL,COVID19Death,vaccine,all,intermediate,2021-11-03_07-53-32
202135,male,fully_vaccinated,11,43,2356606,0.47,NA,CHFL,COVID19Death,vaccine,all,intermediate,2021-11-03_07-53-32
202135,male,partially_vaccinated,0,41,179811,0,NA,CHFL,COVID19Death,vaccine,all,intermediate,2021-11-03_07-53-32
202135,male,not_vaccinated,21,407,1785550,1.18,NA,CHFL,COVID19Death,vaccine,all,intermediate,2021-11-03_07-53-32
202135,male,unknown,3,354,NA,NA,NA,CHFL,COVID19Death,vaccine,all,intermediate,2021-11-03_07-53-32
202135,unknown,fully_vaccinated,0,0,1457,0,NA,CHFL,COVID19Death,vaccine,all,intermediate,2021-11-03_07-53-32
202135,unknown,partially_vaccinated,0,0,224,0,NA,CHFL,COVID19Death,vaccine,all,intermediate,2021-11-03_07-53-32
202135,unknown,not_vaccinated,0,0,NA,NA,NA,CHFL,COVID19Death,vaccine,all,intermediate,2021-11-03_07-53-32
202135,unknown,unknown,0,0,NA,NA,NA,CHFL,COVID19Death,vaccine,all,intermediate,2021-11-03_07-53-32
202136,female,fully_vaccinated,9,42,2494946,0.36,NA,CHFL,COVID19Death,vaccine,all,intermediate,2021-11-03_07-53-32
202136,female,partially_vaccinated,0,34,212458,0,NA,CHFL,COVID19Death,vaccine,all,intermediate,2021-11-03_07-53-32
202136,female,not_vaccinated,15,306,1679984,0.89,NA,CHFL,COVID19Death,vaccine,all,intermediate,2021-11-03_07-53-32
202136,female,unknown,6,322,NA,NA,NA,CHFL,COVID19Death,vaccine,all,intermediate,2021-11-03_07-53-32
202136,male,fully_vaccinated,5,48,2393236,0.21,NA,CHFL,COVID19Death,vaccine,all,intermediate,2021-11-03_07-53-32
202136,male,partially_vaccinated,0,41,211817,0,NA,CHFL,COVID19Death,vaccine,all,intermediate,2021-11-03_07-53-32
202136,male,not_vaccinated,13,420,1716914,0.76,NA,CHFL,COVID19Death,vaccine,all,intermediate,2021-11-03_07-53-32
202136,male,unknown,5,359,NA,NA,NA,CHFL,COVID19Death,vaccine,all,intermediate,2021-11-03_07-53-32
202136,unknown,fully_vaccinated,0,0,1483,0,NA,CHFL,COVID19Death,vaccine,all,intermediate,2021-11-03_07-53-32
202136,unknown,partially_vaccinated,0,0,255,0,NA,CHFL,COVID19Death,vaccine,all,intermediate,2021-11-03_07-53-32
202136,unknown,not_vaccinated,0,0,NA,NA,NA,CHFL,COVID19Death,vaccine,all,intermediate,2021-11-03_07-53-32
202136,unknown,unknown,0,0,NA,NA,NA,CHFL,COVID19Death,vaccine,all,intermediate,2021-11-03_07-53-32
202137,female,fully_vaccinated,5,47,2539048,0.2,NA,CHFL,COVID19Death,vaccine,all,intermediate,2021-11-03_07-53-32
202137,female,partially_vaccinated,0,34,240394,0,NA,CHFL,COVID19Death,vaccine,all,intermediate,2021-11-03_07-53-32
202137,female,not_vaccinated,11,317,1607946,0.68,NA,CHFL,COVID19Death,vaccine,all,intermediate,2021-11-03_07-53-32
202137,female,unknown,2,324,NA,NA,NA,CHFL,COVID19Death,vaccine,all,intermediate,2021-11-03_07-53-32
202137,male,fully_vaccinated,8,56,2437773,0.33,NA,CHFL,COVID19Death,vaccine,all,intermediate,2021-11-03_07-53-32
202137,male,partially_vaccinated,0,41,245847,0,NA,CHFL,COVID19Death,vaccine,all,intermediate,2021-11-03_07-53-32
202137,male,not_vaccinated,12,432,1638347,0.73,NA,CHFL,COVID19Death,vaccine,all,intermediate,2021-11-03_07-53-32
202137,male,unknown,2,361,NA,NA,NA,CHFL,COVID19Death,vaccine,all,intermediate,2021-11-03_07-53-32
202137,unknown,fully_vaccinated,0,0,1522,0,NA,CHFL,COVID19Death,vaccine,all,intermediate,2021-11-03_07-53-32
202137,unknown,partially_vaccinated,0,0,305,0,NA,CHFL,COVID19Death,vaccine,all,intermediate,2021-11-03_07-53-32
202137,unknown,not_vaccinated,0,0,NA,NA,NA,CHFL,COVID19Death,vaccine,all,intermediate,2021-11-03_07-53-32
202137,unknown,unknown,0,0,NA,NA,NA,CHFL,COVID19Death,vaccine,all,intermediate,2021-11-03_07-53-32
202138,female,fully_vaccinated,8,55,2587435,0.31,NA,CHFL,COVID19Death,vaccine,all,intermediate,2021-11-03_07-53-32
202138,female,partially_vaccinated,0,34,245436,0,NA,CHFL,COVID19Death,vaccine,all,intermediate,2021-11-03_07-53-32
202138,female,not_vaccinated,10,327,1554517,0.64,NA,CHFL,COVID19Death,vaccine,all,intermediate,2021-11-03_07-53-32
202138,female,unknown,2,326,NA,NA,NA,CHFL,COVID19Death,vaccine,all,intermediate,2021-11-03_07-53-32
202138,male,fully_vaccinated,9,65,2485953,0.36,NA,CHFL,COVID19Death,vaccine,all,intermediate,2021-11-03_07-53-32
202138,male,partially_vaccinated,2,43,255673,0.78,NA,CHFL,COVID19Death,vaccine,all,intermediate,2021-11-03_07-53-32
202138,male,not_vaccinated,10,442,1580341,0.63,NA,CHFL,COVID19Death,vaccine,all,intermediate,2021-11-03_07-53-32
202138,male,unknown,1,362,NA,NA,NA,CHFL,COVID19Death,vaccine,all,intermediate,2021-11-03_07-53-32
202138,unknown,fully_vaccinated,0,0,1563,0,NA,CHFL,COVID19Death,vaccine,all,intermediate,2021-11-03_07-53-32
202138,unknown,partially_vaccinated,0,0,316,0,NA,CHFL,COVID19Death,vaccine,all,intermediate,2021-11-03_07-53-32
202138,unknown,not_vaccinated,0,0,NA,NA,NA,CHFL,COVID19Death,vaccine,all,intermediate,2021-11-03_07-53-32
202138,unknown,unknown,0,0,NA,NA,NA,CHFL,COVID19Death,vaccine,all,intermediate,2021-11-03_07-53-32
202139,female,fully_vaccinated,2,57,2637782,0.08,NA,CHFL,COVID19Death,vaccine,all,intermediate,2021-11-03_07-53-32
202139,female,partially_vaccinated,0,34,230028,0,NA,CHFL,COVID19Death,vaccine,all,intermediate,2021-11-03_07-53-32
202139,female,not_vaccinated,10,337,1519578,0.66,NA,CHFL,COVID19Death,vaccine,all,intermediate,2021-11-03_07-53-32
202139,female,unknown,0,326,NA,NA,NA,CHFL,COVID19Death,vaccine,all,intermediate,2021-11-03_07-53-32
202139,male,fully_vaccinated,1,66,2536056,0.04,NA,CHFL,COVID19Death,vaccine,all,intermediate,2021-11-03_07-53-32
202139,male,partially_vaccinated,0,43,242051,0,NA,CHFL,COVID19Death,vaccine,all,intermediate,2021-11-03_07-53-32
202139,male,not_vaccinated,20,462,1543860,1.3,NA,CHFL,COVID19Death,vaccine,all,intermediate,2021-11-03_07-53-32
202139,male,unknown,1,363,NA,NA,NA,CHFL,COVID19Death,vaccine,all,intermediate,2021-11-03_07-53-32
202139,unknown,fully_vaccinated,0,0,1593,0,NA,CHFL,COVID19Death,vaccine,all,intermediate,2021-11-03_07-53-32
202139,unknown,partially_vaccinated,0,0,321,0,NA,CHFL,COVID19Death,vaccine,all,intermediate,2021-11-03_07-53-32
202139,unknown,not_vaccinated,0,0,NA,NA,NA,CHFL,COVID19Death,vaccine,all,intermediate,2021-11-03_07-53-32
202139,unknown,unknown,0,0,NA,NA,NA,CHFL,COVID19Death,vaccine,all,intermediate,2021-11-03_07-53-32
202140,female,fully_vaccinated,5,62,2695081,0.19,NA,CHFL,COVID19Death,vaccine,all,intermediate,2021-11-03_07-53-32
202140,female,partially_vaccinated,0,34,198299,0,NA,CHFL,COVID19Death,vaccine,all,intermediate,2021-11-03_07-53-32
202140,female,not_vaccinated,7,344,1494008,0.47,NA,CHFL,COVID19Death,vaccine,all,intermediate,2021-11-03_07-53-32
202140,female,unknown,0,326,NA,NA,NA,CHFL,COVID19Death,vaccine,all,intermediate,2021-11-03_07-53-32
202140,male,fully_vaccinated,5,71,2596969,0.19,NA,CHFL,COVID19Death,vaccine,all,intermediate,2021-11-03_07-53-32
202140,male,partially_vaccinated,1,44,208052,0.48,NA,CHFL,COVID19Death,vaccine,all,intermediate,2021-11-03_07-53-32
202140,male,not_vaccinated,5,467,1516946,0.33,NA,CHFL,COVID19Death,vaccine,all,intermediate,2021-11-03_07-53-32
202140,male,unknown,6,369,NA,NA,NA,CHFL,COVID19Death,vaccine,all,intermediate,2021-11-03_07-53-32
202140,unknown,fully_vaccinated,0,0,1687,0,NA,CHFL,COVID19Death,vaccine,all,intermediate,2021-11-03_07-53-32
202140,unknown,partially_vaccinated,0,0,258,0,NA,CHFL,COVID19Death,vaccine,all,intermediate,2021-11-03_07-53-32
202140,unknown,not_vaccinated,0,0,NA,NA,NA,CHFL,COVID19Death,vaccine,all,intermediate,2021-11-03_07-53-32
202140,unknown,unknown,0,0,NA,NA,NA,CHFL,COVID19Death,vaccine,all,intermediate,2021-11-03_07-53-32
202141,female,fully_vaccinated,3,65,2757831,0.11,NA,CHFL,COVID19Death,vaccine,all,intermediate,2021-11-03_07-53-32
202141,female,partially_vaccinated,0,34,158164,0,NA,CHFL,COVID19Death,vaccine,all,intermediate,2021-11-03_07-53-32
202141,female,not_vaccinated,7,351,1471393,0.48,NA,CHFL,COVID19Death,vaccine,all,intermediate,2021-11-03_07-53-32
202141,female,unknown,1,327,NA,NA,NA,CHFL,COVID19Death,vaccine,all,intermediate,2021-11-03_07-53-32
202141,male,fully_vaccinated,9,80,2666320,0.34,NA,CHFL,COVID19Death,vaccine,all,intermediate,2021-11-03_07-53-32
202141,male,partially_vaccinated,0,44,163368,0,NA,CHFL,COVID19Death,vaccine,all,intermediate,2021-11-03_07-53-32
202141,male,not_vaccinated,8,475,1492279,0.54,NA,CHFL,COVID19Death,vaccine,all,intermediate,2021-11-03_07-53-32
202141,male,unknown,3,372,NA,NA,NA,CHFL,COVID19Death,vaccine,all,intermediate,2021-11-03_07-53-32
202141,unknown,fully_vaccinated,0,0,1746,0,NA,CHFL,COVID19Death,vaccine,all,intermediate,2021-11-03_07-53-32
202141,unknown,partially_vaccinated,0,0,239,0,NA,CHFL,COVID19Death,vaccine,all,intermediate,2021-11-03_07-53-32
202141,unknown,not_vaccinated,0,0,NA,NA,NA,CHFL,COVID19Death,vaccine,all,intermediate,2021-11-03_07-53-32
202141,unknown,unknown,0,0,NA,NA,NA,CHFL,COVID19Death,vaccine,all,intermediate,2021-11-03_07-53-32
202142,female,fully_vaccinated,3,68,2811131,0.11,NA,CHFL,COVID19Death,vaccine,all,intermediate,2021-11-03_07-53-32
202142,female,partially_vaccinated,0,34,122999,0,NA,CHFL,COVID19Death,vaccine,all,intermediate,2021-11-03_07-53-32
202142,female,not_vaccinated,11,362,1453258,0.76,NA,CHFL,COVID19Death,vaccine,all,intermediate,2021-11-03_07-53-32
202142,female,unknown,2,329,NA,NA,NA,CHFL,COVID19Death,vaccine,all,intermediate,2021-11-03_07-53-32
202142,male,fully_vaccinated,9,89,2725041,0.33,NA,CHFL,COVID19Death,vaccine,all,intermediate,2021-11-03_07-53-32
202142,male,partially_vaccinated,0,44,124070,0,NA,CHFL,COVID19Death,vaccine,all,intermediate,2021-11-03_07-53-32
202142,male,not_vaccinated,5,480,1472856,0.34,NA,CHFL,COVID19Death,vaccine,all,intermediate,2021-11-03_07-53-32
202142,male,unknown,1,373,NA,NA,NA,CHFL,COVID19Death,vaccine,all,intermediate,2021-11-03_07-53-32
202142,unknown,fully_vaccinated,0,0,1785,0,NA,CHFL,COVID19Death,vaccine,all,intermediate,2021-11-03_07-53-32
202142,unknown,partially_vaccinated,0,0,219,0,NA,CHFL,COVID19Death,vaccine,all,intermediate,2021-11-03_07-53-32
202142,unknown,not_vaccinated,0,0,NA,NA,NA,CHFL,COVID19Death,vaccine,all,intermediate,2021-11-03_07-53-32
202142,unknown,unknown,0,0,NA,NA,NA,CHFL,COVID19Death,vaccine,all,intermediate,2021-11-03_07-53-32
202143,female,fully_vaccinated,9,77,2847088,0.32,NA,CHFL,COVID19Death,vaccine,all,intermediate,2021-11-03_07-53-32
202143,female,partially_vaccinated,2,36,101007,1.98,NA,CHFL,COVID19Death,vaccine,all,intermediate,2021-11-03_07-53-32
202143,female,not_vaccinated,5,367,1439293,0.35,NA,CHFL,COVID19Death,vaccine,all,intermediate,2021-11-03_07-53-32
202143,female,unknown,2,331,NA,NA,NA,CHFL,COVID19Death,vaccine,all,intermediate,2021-11-03_07-53-32
202143,male,fully_vaccinated,9,98,2764073,0.33,NA,CHFL,COVID19Death,vaccine,all,intermediate,2021-11-03_07-53-32
202143,male,partially_vaccinated,1,45,99679,1,NA,CHFL,COVID19Death,vaccine,all,intermediate,2021-11-03_07-53-32
202143,male,not_vaccinated,10,490,1458215,0.69,NA,CHFL,COVID19Death,vaccine,all,intermediate,2021-11-03_07-53-32
202143,male,unknown,3,376,NA,NA,NA,CHFL,COVID19Death,vaccine,all,intermediate,2021-11-03_07-53-32
202143,unknown,fully_vaccinated,0,0,1829,0,NA,CHFL,COVID19Death,vaccine,all,intermediate,2021-11-03_07-53-32
202143,unknown,partially_vaccinated,0,0,188,0,NA,CHFL,COVID19Death,vaccine,all,intermediate,2021-11-03_07-53-32
202143,unknown,not_vaccinated,0,0,NA,NA,NA,CHFL,COVID19Death,vaccine,all,intermediate,2021-11-03_07-53-32
202143,unknown,unknown,0,0,NA,NA,NA,CHFL,COVID19Death,vaccine,all,intermediate,2021-11-03_07-53-32
202104,all,fully_vaccinated,0,0,15356,0,NA,CHFL,COVID19Death,vaccine,all,limited,2021-11-03_07-53-32
202104,all,partially_vaccinated,8,8,277731,2.88,NA,CHFL,COVID19Death,vaccine,all,limited,2021-11-03_07-53-32
202104,all,not_vaccinated,49,49,8416268,0.58,NA,CHFL,COVID19Death,vaccine,all,limited,2021-11-03_07-53-32
202104,all,unknown,112,112,NA,NA,NA,CHFL,COVID19Death,vaccine,all,limited,2021-11-03_07-53-32
202105,all,fully_vaccinated,0,0,46842,0,NA,CHFL,COVID19Death,vaccine,all,limited,2021-11-03_07-53-32
202105,all,partially_vaccinated,12,20,314716,3.81,NA,CHFL,COVID19Death,vaccine,all,limited,2021-11-03_07-53-32
202105,all,not_vaccinated,57,106,8347797,0.68,NA,CHFL,COVID19Death,vaccine,all,limited,2021-11-03_07-53-32
202105,all,unknown,97,209,NA,NA,NA,CHFL,COVID19Death,vaccine,all,limited,2021-11-03_07-53-32
202106,all,fully_vaccinated,1,1,103150,0.97,NA,CHFL,COVID19Death,vaccine,all,limited,2021-11-03_07-53-32
202106,all,partially_vaccinated,10,30,336052,2.98,NA,CHFL,COVID19Death,vaccine,all,limited,2021-11-03_07-53-32
202106,all,not_vaccinated,55,161,8270153,0.67,NA,CHFL,COVID19Death,vaccine,all,limited,2021-11-03_07-53-32
202106,all,unknown,63,272,NA,NA,NA,CHFL,COVID19Death,vaccine,all,limited,2021-11-03_07-53-32
202107,all,fully_vaccinated,0,1,175431,0,NA,CHFL,COVID19Death,vaccine,all,limited,2021-11-03_07-53-32
202107,all,partially_vaccinated,4,34,322454,1.24,NA,CHFL,COVID19Death,vaccine,all,limited,2021-11-03_07-53-32
202107,all,not_vaccinated,35,196,8211470,0.43,NA,CHFL,COVID19Death,vaccine,all,limited,2021-11-03_07-53-32
202107,all,unknown,47,319,NA,NA,NA,CHFL,COVID19Death,vaccine,all,limited,2021-11-03_07-53-32
202108,all,fully_vaccinated,3,4,265386,1.13,NA,CHFL,COVID19Death,vaccine,all,limited,2021-11-03_07-53-32
202108,all,partially_vaccinated,8,42,281087,2.85,NA,CHFL,COVID19Death,vaccine,all,limited,2021-11-03_07-53-32
202108,all,not_vaccinated,19,215,8162882,0.23,NA,CHFL,COVID19Death,vaccine,all,limited,2021-11-03_07-53-32
202108,all,unknown,33,352,NA,NA,NA,CHFL,COVID19Death,vaccine,all,limited,2021-11-03_07-53-32
202109,all,fully_vaccinated,0,4,342137,0,NA,CHFL,COVID19Death,vaccine,all,limited,2021-11-03_07-53-32
202109,all,partially_vaccinated,3,45,279522,1.07,NA,CHFL,COVID19Death,vaccine,all,limited,2021-11-03_07-53-32
202109,all,not_vaccinated,25,240,8087696,0.31,NA,CHFL,COVID19Death,vaccine,all,limited,2021-11-03_07-53-32
202109,all,unknown,36,388,NA,NA,NA,CHFL,COVID19Death,vaccine,all,limited,2021-11-03_07-53-32
202110,all,fully_vaccinated,3,7,404372,0.74,NA,CHFL,COVID19Death,vaccine,all,limited,2021-11-03_07-53-32
202110,all,partially_vaccinated,3,48,307307,0.98,NA,CHFL,COVID19Death,vaccine,all,limited,2021-11-03_07-53-32
202110,all,not_vaccinated,38,278,7997676,0.48,NA,CHFL,COVID19Death,vaccine,all,limited,2021-11-03_07-53-32
202110,all,unknown,31,419,NA,NA,NA,CHFL,COVID19Death,vaccine,all,limited,2021-11-03_07-53-32
202111,all,fully_vaccinated,1,8,478159,0.21,NA,CHFL,COVID19Death,vaccine,all,limited,2021-11-03_07-53-32
202111,all,partially_vaccinated,6,54,311247,1.93,NA,CHFL,COVID19Death,vaccine,all,limited,2021-11-03_07-53-32
202111,all,not_vaccinated,22,300,7919949,0.28,NA,CHFL,COVID19Death,vaccine,all,limited,2021-11-03_07-53-32
202111,all,unknown,33,452,NA,NA,NA,CHFL,COVID19Death,vaccine,all,limited,2021-11-03_07-53-32
202112,all,fully_vaccinated,2,10,547588,0.37,NA,CHFL,COVID19Death,vaccine,all,limited,2021-11-03_07-53-32
202112,all,partially_vaccinated,4,58,355494,1.13,NA,CHFL,COVID19Death,vaccine,all,limited,2021-11-03_07-53-32
202112,all,not_vaccinated,30,330,7806273,0.38,NA,CHFL,COVID19Death,vaccine,all,limited,2021-11-03_07-53-32
202112,all,unknown,24,476,NA,NA,NA,CHFL,COVID19Death,vaccine,all,limited,2021-11-03_07-53-32
202113,all,fully_vaccinated,1,11,614198,0.16,NA,CHFL,COVID19Death,vaccine,all,limited,2021-11-03_07-53-32
202113,all,partially_vaccinated,4,62,398140,1,NA,CHFL,COVID19Death,vaccine,all,limited,2021-11-03_07-53-32
202113,all,not_vaccinated,41,371,7697017,0.53,NA,CHFL,COVID19Death,vaccine,all,limited,2021-11-03_07-53-32
202113,all,unknown,25,501,NA,NA,NA,CHFL,COVID19Death,vaccine,all,limited,2021-11-03_07-53-32
202114,all,fully_vaccinated,2,13,701909,0.28,NA,CHFL,COVID19Death,vaccine,all,limited,2021-11-03_07-53-32
202114,all,partially_vaccinated,3,65,434751,0.69,NA,CHFL,COVID19Death,vaccine,all,limited,2021-11-03_07-53-32
202114,all,not_vaccinated,34,405,7572695,0.45,NA,CHFL,COVID19Death,vaccine,all,limited,2021-11-03_07-53-32
202114,all,unknown,24,525,NA,NA,NA,CHFL,COVID19Death,vaccine,all,limited,2021-11-03_07-53-32
202115,all,fully_vaccinated,3,16,787223,0.38,NA,CHFL,COVID19Death,vaccine,all,limited,2021-11-03_07-53-32
202115,all,partially_vaccinated,3,68,562367,0.53,NA,CHFL,COVID19Death,vaccine,all,limited,2021-11-03_07-53-32
202115,all,not_vaccinated,21,426,7359765,0.29,NA,CHFL,COVID19Death,vaccine,all,limited,2021-11-03_07-53-32
202115,all,unknown,19,544,NA,NA,NA,CHFL,COVID19Death,vaccine,all,limited,2021-11-03_07-53-32
202116,all,fully_vaccinated,5,21,897872,0.56,NA,CHFL,COVID19Death,vaccine,all,limited,2021-11-03_07-53-32
202116,all,partially_vaccinated,0,68,713162,0,NA,CHFL,COVID19Death,vaccine,all,limited,2021-11-03_07-53-32
202116,all,not_vaccinated,30,456,7098321,0.42,NA,CHFL,COVID19Death,vaccine,all,limited,2021-11-03_07-53-32
202116,all,unknown,19,563,NA,NA,NA,CHFL,COVID19Death,vaccine,all,limited,2021-11-03_07-53-32
202117,all,fully_vaccinated,4,25,1006174,0.4,NA,CHFL,COVID19Death,vaccine,all,limited,2021-11-03_07-53-32
202117,all,partially_vaccinated,3,71,891944,0.34,NA,CHFL,COVID19Death,vaccine,all,limited,2021-11-03_07-53-32
202117,all,not_vaccinated,38,494,6811237,0.56,NA,CHFL,COVID19Death,vaccine,all,limited,2021-11-03_07-53-32
202117,all,unknown,24,587,NA,NA,NA,CHFL,COVID19Death,vaccine,all,limited,2021-11-03_07-53-32
202118,all,fully_vaccinated,3,28,1143173,0.26,NA,CHFL,COVID19Death,vaccine,all,limited,2021-11-03_07-53-32
202118,all,partially_vaccinated,0,71,1080010,0,NA,CHFL,COVID19Death,vaccine,all,limited,2021-11-03_07-53-32
202118,all,not_vaccinated,21,515,6486172,0.32,NA,CHFL,COVID19Death,vaccine,all,limited,2021-11-03_07-53-32
202118,all,unknown,17,604,NA,NA,NA,CHFL,COVID19Death,vaccine,all,limited,2021-11-03_07-53-32
202119,all,fully_vaccinated,2,30,1334637,0.15,NA,CHFL,COVID19Death,vaccine,all,limited,2021-11-03_07-53-32
202119,all,partially_vaccinated,1,72,1176163,0.09,NA,CHFL,COVID19Death,vaccine,all,limited,2021-11-03_07-53-32
202119,all,not_vaccinated,18,533,6198555,0.29,NA,CHFL,COVID19Death,vaccine,all,limited,2021-11-03_07-53-32
202119,all,unknown,9,613,NA,NA,NA,CHFL,COVID19Death,vaccine,all,limited,2021-11-03_07-53-32
202120,all,fully_vaccinated,2,32,1599999,0.13,NA,CHFL,COVID19Death,vaccine,all,limited,2021-11-03_07-53-32
202120,all,partially_vaccinated,0,72,1229774,0,NA,CHFL,COVID19Death,vaccine,all,limited,2021-11-03_07-53-32
202120,all,not_vaccinated,23,556,5879582,0.39,NA,CHFL,COVID19Death,vaccine,all,limited,2021-11-03_07-53-32
202120,all,unknown,8,621,NA,NA,NA,CHFL,COVID19Death,vaccine,all,limited,2021-11-03_07-53-32
202121,all,fully_vaccinated,2,34,1875300,0.11,NA,CHFL,COVID19Death,vaccine,all,limited,2021-11-03_07-53-32
202121,all,partially_vaccinated,0,72,1248910,0,NA,CHFL,COVID19Death,vaccine,all,limited,2021-11-03_07-53-32
202121,all,not_vaccinated,10,566,5585145,0.18,NA,CHFL,COVID19Death,vaccine,all,limited,2021-11-03_07-53-32
202121,all,unknown,7,628,NA,NA,NA,CHFL,COVID19Death,vaccine,all,limited,2021-11-03_07-53-32
202122,all,fully_vaccinated,4,38,2188542,0.18,NA,CHFL,COVID19Death,vaccine,all,limited,2021-11-03_07-53-32
202122,all,partially_vaccinated,0,72,1275298,0,NA,CHFL,COVID19Death,vaccine,all,limited,2021-11-03_07-53-32
202122,all,not_vaccinated,16,582,5245515,0.31,NA,CHFL,COVID19Death,vaccine,all,limited,2021-11-03_07-53-32
202122,all,unknown,4,632,NA,NA,NA,CHFL,COVID19Death,vaccine,all,limited,2021-11-03_07-53-32
202123,all,fully_vaccinated,1,39,2495519,0.04,NA,CHFL,COVID19Death,vaccine,all,limited,2021-11-03_07-53-32
202123,all,partially_vaccinated,2,74,1325182,0.15,NA,CHFL,COVID19Death,vaccine,all,limited,2021-11-03_07-53-32
202123,all,not_vaccinated,7,589,4888654,0.14,NA,CHFL,COVID19Death,vaccine,all,limited,2021-11-03_07-53-32
202123,all,unknown,6,638,NA,NA,NA,CHFL,COVID19Death,vaccine,all,limited,2021-11-03_07-53-32
202124,all,fully_vaccinated,0,39,2810277,0,NA,CHFL,COVID19Death,vaccine,all,limited,2021-11-03_07-53-32
202124,all,partially_vaccinated,0,74,1321055,0,NA,CHFL,COVID19Death,vaccine,all,limited,2021-11-03_07-53-32
202124,all,not_vaccinated,7,596,4578023,0.15,NA,CHFL,COVID19Death,vaccine,all,limited,2021-11-03_07-53-32
202124,all,unknown,5,643,NA,NA,NA,CHFL,COVID19Death,vaccine,all,limited,2021-11-03_07-53-32
202125,all,fully_vaccinated,1,40,3118401,0.03,NA,CHFL,COVID19Death,vaccine,all,limited,2021-11-03_07-53-32
202125,all,partially_vaccinated,0,74,1245266,0,NA,CHFL,COVID19Death,vaccine,all,limited,2021-11-03_07-53-32
202125,all,not_vaccinated,4,600,4345688,0.09,NA,CHFL,COVID19Death,vaccine,all,limited,2021-11-03_07-53-32
202125,all,unknown,2,645,NA,NA,NA,CHFL,COVID19Death,vaccine,all,limited,2021-11-03_07-53-32
202126,all,fully_vaccinated,0,40,3452655,0,NA,CHFL,COVID19Death,vaccine,all,intermediate,2021-11-03_07-53-32
202126,all,partially_vaccinated,0,74,1039403,0,NA,CHFL,COVID19Death,vaccine,all,intermediate,2021-11-03_07-53-32
202126,all,not_vaccinated,1,601,4217297,0.02,NA,CHFL,COVID19Death,vaccine,all,intermediate,2021-11-03_07-53-32
202126,all,unknown,2,647,NA,NA,NA,CHFL,COVID19Death,vaccine,all,intermediate,2021-11-03_07-53-32
202127,all,fully_vaccinated,0,40,3788751,0,NA,CHFL,COVID19Death,vaccine,all,intermediate,2021-11-03_07-53-32
202127,all,partially_vaccinated,0,74,790412,0,NA,CHFL,COVID19Death,vaccine,all,intermediate,2021-11-03_07-53-32
202127,all,not_vaccinated,3,604,4130192,0.07,NA,CHFL,COVID19Death,vaccine,all,intermediate,2021-11-03_07-53-32
202127,all,unknown,0,647,NA,NA,NA,CHFL,COVID19Death,vaccine,all,intermediate,2021-11-03_07-53-32
202128,all,fully_vaccinated,1,41,4085539,0.02,NA,CHFL,COVID19Death,vaccine,all,intermediate,2021-11-03_07-53-32
202128,all,partially_vaccinated,1,75,568750,0.18,NA,CHFL,COVID19Death,vaccine,all,intermediate,2021-11-03_07-53-32
202128,all,not_vaccinated,0,604,4055066,0,NA,CHFL,COVID19Death,vaccine,all,intermediate,2021-11-03_07-53-32
202128,all,unknown,0,647,NA,NA,NA,CHFL,COVID19Death,vaccine,all,intermediate,2021-11-03_07-53-32
202129,all,fully_vaccinated,0,41,4314126,0,NA,CHFL,COVID19Death,vaccine,all,intermediate,2021-11-03_07-53-32
202129,all,partially_vaccinated,0,75,411320,0,NA,CHFL,COVID19Death,vaccine,all,intermediate,2021-11-03_07-53-32
202129,all,not_vaccinated,5,609,3983909,0.13,NA,CHFL,COVID19Death,vaccine,all,intermediate,2021-11-03_07-53-32
202129,all,unknown,0,647,NA,NA,NA,CHFL,COVID19Death,vaccine,all,intermediate,2021-11-03_07-53-32
202130,all,fully_vaccinated,1,42,4439821,0.02,NA,CHFL,COVID19Death,vaccine,all,intermediate,2021-11-03_07-53-32
202130,all,partially_vaccinated,0,75,352583,0,NA,CHFL,COVID19Death,vaccine,all,intermediate,2021-11-03_07-53-32
202130,all,not_vaccinated,8,617,3916951,0.2,NA,CHFL,COVID19Death,vaccine,all,intermediate,2021-11-03_07-53-32
202130,all,unknown,2,649,NA,NA,NA,CHFL,COVID19Death,vaccine,all,intermediate,2021-11-03_07-53-32
202131,all,fully_vaccinated,0,42,4526428,0,NA,CHFL,COVID19Death,vaccine,all,intermediate,2021-11-03_07-53-32
202131,all,partially_vaccinated,0,75,320607,0,NA,CHFL,COVID19Death,vaccine,all,intermediate,2021-11-03_07-53-32
202131,all,not_vaccinated,3,620,3862320,0.08,NA,CHFL,COVID19Death,vaccine,all,intermediate,2021-11-03_07-53-32
202131,all,unknown,0,649,NA,NA,NA,CHFL,COVID19Death,vaccine,all,intermediate,2021-11-03_07-53-32
202132,all,fully_vaccinated,4,46,4603569,0.09,NA,CHFL,COVID19Death,vaccine,all,intermediate,2021-11-03_07-53-32
202132,all,partially_vaccinated,0,75,307055,0,NA,CHFL,COVID19Death,vaccine,all,intermediate,2021-11-03_07-53-32
202132,all,not_vaccinated,6,626,3798731,0.16,NA,CHFL,COVID19Death,vaccine,all,intermediate,2021-11-03_07-53-32
202132,all,unknown,4,653,NA,NA,NA,CHFL,COVID19Death,vaccine,all,intermediate,2021-11-03_07-53-32
202133,all,fully_vaccinated,9,55,4680329,0.19,NA,CHFL,COVID19Death,vaccine,all,intermediate,2021-11-03_07-53-32
202133,all,partially_vaccinated,0,75,303853,0,NA,CHFL,COVID19Death,vaccine,all,intermediate,2021-11-03_07-53-32
202133,all,not_vaccinated,13,639,3725173,0.35,NA,CHFL,COVID19Death,vaccine,all,intermediate,2021-11-03_07-53-32
202133,all,unknown,3,656,NA,NA,NA,CHFL,COVID19Death,vaccine,all,intermediate,2021-11-03_07-53-32
202134,all,fully_vaccinated,6,61,4755301,0.13,NA,CHFL,COVID19Death,vaccine,all,intermediate,2021-11-03_07-53-32
202134,all,partially_vaccinated,0,75,322212,0,NA,CHFL,COVID19Death,vaccine,all,intermediate,2021-11-03_07-53-32
202134,all,not_vaccinated,28,667,3631842,0.77,NA,CHFL,COVID19Death,vaccine,all,intermediate,2021-11-03_07-53-32
202134,all,unknown,8,664,NA,NA,NA,CHFL,COVID19Death,vaccine,all,intermediate,2021-11-03_07-53-32
202135,all,fully_vaccinated,15,76,4817164,0.31,NA,CHFL,COVID19Death,vaccine,all,intermediate,2021-11-03_07-53-32
202135,all,partially_vaccinated,0,75,363415,0,NA,CHFL,COVID19Death,vaccine,all,intermediate,2021-11-03_07-53-32
202135,all,not_vaccinated,31,698,3528776,0.88,NA,CHFL,COVID19Death,vaccine,all,intermediate,2021-11-03_07-53-32
202135,all,unknown,6,670,NA,NA,NA,CHFL,COVID19Death,vaccine,all,intermediate,2021-11-03_07-53-32
202136,all,fully_vaccinated,14,90,4889665,0.29,NA,CHFL,COVID19Death,vaccine,all,intermediate,2021-11-03_07-53-32
202136,all,partially_vaccinated,0,75,424530,0,NA,CHFL,COVID19Death,vaccine,all,intermediate,2021-11-03_07-53-32
202136,all,not_vaccinated,28,726,3395160,0.82,NA,CHFL,COVID19Death,vaccine,all,intermediate,2021-11-03_07-53-32
202136,all,unknown,11,681,NA,NA,NA,CHFL,COVID19Death,vaccine,all,intermediate,2021-11-03_07-53-32
202137,all,fully_vaccinated,13,103,4978343,0.26,NA,CHFL,COVID19Death,vaccine,all,intermediate,2021-11-03_07-53-32
202137,all,partially_vaccinated,0,75,486546,0,NA,CHFL,COVID19Death,vaccine,all,intermediate,2021-11-03_07-53-32
202137,all,not_vaccinated,23,749,3244466,0.71,NA,CHFL,COVID19Death,vaccine,all,intermediate,2021-11-03_07-53-32
202137,all,unknown,4,685,NA,NA,NA,CHFL,COVID19Death,vaccine,all,intermediate,2021-11-03_07-53-32
202138,all,fully_vaccinated,17,120,5074951,0.33,NA,CHFL,COVID19Death,vaccine,all,intermediate,2021-11-03_07-53-32
202138,all,partially_vaccinated,2,77,501425,0.4,NA,CHFL,COVID19Death,vaccine,all,intermediate,2021-11-03_07-53-32
202138,all,not_vaccinated,20,769,3132979,0.64,NA,CHFL,COVID19Death,vaccine,all,intermediate,2021-11-03_07-53-32
202138,all,unknown,3,688,NA,NA,NA,CHFL,COVID19Death,vaccine,all,intermediate,2021-11-03_07-53-32
202139,all,fully_vaccinated,3,123,5175431,0.06,NA,CHFL,COVID19Death,vaccine,all,intermediate,2021-11-03_07-53-32
202139,all,partially_vaccinated,0,77,472400,0,NA,CHFL,COVID19Death,vaccine,all,intermediate,2021-11-03_07-53-32
202139,all,not_vaccinated,30,799,3061524,0.98,NA,CHFL,COVID19Death,vaccine,all,intermediate,2021-11-03_07-53-32
202139,all,unknown,1,689,NA,NA,NA,CHFL,COVID19Death,vaccine,all,intermediate,2021-11-03_07-53-32
202140,all,fully_vaccinated,10,133,5293737,0.19,NA,CHFL,COVID19Death,vaccine,all,intermediate,2021-11-03_07-53-32
202140,all,partially_vaccinated,1,78,406609,0.25,NA,CHFL,COVID19Death,vaccine,all,intermediate,2021-11-03_07-53-32
202140,all,not_vaccinated,12,811,3009009,0.4,NA,CHFL,COVID19Death,vaccine,all,intermediate,2021-11-03_07-53-32
202140,all,unknown,6,695,NA,NA,NA,CHFL,COVID19Death,vaccine,all,intermediate,2021-11-03_07-53-32
202141,all,fully_vaccinated,12,145,5425897,0.22,NA,CHFL,COVID19Death,vaccine,all,intermediate,2021-11-03_07-53-32
202141,all,partially_vaccinated,0,78,321771,0,NA,CHFL,COVID19Death,vaccine,all,intermediate,2021-11-03_07-53-32
202141,all,not_vaccinated,15,826,2961687,0.51,NA,CHFL,COVID19Death,vaccine,all,intermediate,2021-11-03_07-53-32
202141,all,unknown,4,699,NA,NA,NA,CHFL,COVID19Death,vaccine,all,intermediate,2021-11-03_07-53-32
202142,all,fully_vaccinated,12,157,5537957,0.22,NA,CHFL,COVID19Death,vaccine,all,intermediate,2021-11-03_07-53-32
202142,all,partially_vaccinated,0,78,247288,0,NA,CHFL,COVID19Death,vaccine,all,intermediate,2021-11-03_07-53-32
202142,all,not_vaccinated,16,842,2924110,0.55,NA,CHFL,COVID19Death,vaccine,all,intermediate,2021-11-03_07-53-32
202142,all,unknown,3,702,NA,NA,NA,CHFL,COVID19Death,vaccine,all,intermediate,2021-11-03_07-53-32
202143,all,fully_vaccinated,18,175,5612990,0.32,NA,CHFL,COVID19Death,vaccine,all,intermediate,2021-11-03_07-53-32
202143,all,partially_vaccinated,3,81,200874,1.49,NA,CHFL,COVID19Death,vaccine,all,intermediate,2021-11-03_07-53-32
202143,all,not_vaccinated,15,857,2895491,0.52,NA,CHFL,COVID19Death,vaccine,all,intermediate,2021-11-03_07-53-32
202143,all,unknown,5,707,NA,NA,NA,CHFL,COVID19Death,vaccine,all,intermediate,2021-11-03_07-53-32